Cluster,Age,Income,Recency,Total_Spending,Total_Purchases,NumWebVisitsMonth,Children
0,62.509164969450104,42280.25050916497,50.32790224032586,148.19144602851324,7.095723014256619,6.191446028513238,1.9144602851323829
1,56.99186991869919,79284.02134146342,49.61178861788618,1390.3861788617887,19.008130081300813,2.3028455284552845,0.07926829268292683
2,49.01512859304085,31024.223146747354,47.771558245083206,122.35854765506808,6.344931921331316,6.859304084720121,0.8154311649016641
3,62.053691275167786,61642.13422818792,49.1744966442953,871.2701342281879,18.54530201342282,5.37248322147651,1.0251677852348993
